City,Cloudiness,Country,Date,Humidity,Lat,Lng,Max Temp,Wind Speed
guatire,40,VE,1580249736,74,10.48,-66.54,84.2,4.7
tukrah,0,LY,1580249736,74,32.53,20.58,56.5,8.48
haines junction,26,CA,1580249737,95,60.75,-137.51,8.19,8.72
chapais,1,CA,1580249737,61,49.78,-74.85,14.0,6.93
severo-kurilsk,92,RU,1580249737,91,50.68,156.12,21.76,5.03
hobart,40,AU,1580249478,56,-42.88,147.33,68.0,9.17
urumqi,0,CN,1580249737,92,43.8,87.6,8.6,2.24
ushuaia,90,AR,1580249629,93,-54.8,-68.3,41.0,35.57
kaabong,98,UG,1580249737,94,3.48,34.15,62.51,5.08
kodiak,90,US,1580249506,73,57.79,-152.41,19.4,11.41
marzuq,0,YE,1580249737,33,14.4,46.47,54.21,1.92
punta arenas,40,CL,1580249466,53,-53.15,-70.92,51.8,36.91
santa vitoria do palmar,0,BR,1580249737,53,-33.52,-53.37,76.53,9.42
albany,90,US,1580249701,59,42.6,-73.97,35.01,14.99
medicine hat,90,CA,1580249700,59,50.05,-110.67,39.99,6.93
cape town,75,ZA,1580249652,93,-33.93,18.42,70.0,9.17
port alfred,0,ZA,1580249738,89,-33.59,26.89,64.99,3.0
ndele,3,CF,1580249738,14,8.41,20.65,74.23,5.95
cabo san lucas,5,MX,1580249707,53,22.89,-109.91,78.8,10.29
barentsburg,100,PF,1580249738,79,-23.12,-134.97,79.86,11.63
rikitea,1,US,1580249738,53,22.08,-159.32,80.6,4.7
kapaa,15,CL,1580249738,53,-37.62,-73.65,63.88,12.95
lebu,20,MY,1580249738,78,5.41,100.34,82.4,3.36
georgetown,30,NZ,1580249738,78,-46.19,168.86,64.99,8.01
mataura,40,MG,1580249739,94,-16.1,46.63,77.0,1.12
longlac,100,JP,1580249739,80,33.73,135.98,55.11,7.9
marovoay,0,NA,1580249739,43,-19.23,17.72,76.17,7.56
shingu,90,CA,1580249739,61,68.22,-135.01,-20.2,11.41
tsumeb,0,CK,1580249739,88,-21.21,-159.78,82.4,8.05
aklavik,0,CL,1580249739,70,-25.4,-70.48,69.33,6.13
taolanaro,61,NZ,1580249739,78,-46.6,168.33,64.99,8.01
avarua,5,CA,1580249739,74,70.47,-68.59,-22.0,17.22
taltal,89,RU,1580249739,99,63.76,121.62,-15.9,6.38
bluff,20,MX,1580249739,69,19.22,-104.7,80.6,11.41
kamenskoye,75,EC,1580249578,58,-0.74,-90.35,86.0,11.41
clyde river,99,CN,1580249740,90,18.8,110.4,58.15,11.74
vilyuysk,99,RU,1580249740,99,68.05,39.51,4.5,5.59
san patricio,100,MG,1580249740,94,-14.88,47.99,74.91,4.09
puerto ayora,90,CA,1580249501,85,55.74,-97.86,14.0,4.7
wanning,100,GL,1580249740,92,72.79,-56.15,-11.74,5.95
samusu,98,RU,1580249525,95,71.92,114.08,-14.55,8.05
ostrovnoy,100,RU,1580249740,94,54.43,31.9,32.13,9.46
antsohihy,1,US,1580249740,74,64.84,-147.72,-13.0,3.85
thompson,90,CA,1580249704,92,54.77,-101.86,12.2,4.7
upernavik,40,AR,1580249485,28,-38.0,-57.56,86.0,23.04
saskylakh,0,RE,1580249741,73,-21.36,55.77,71.6,6.93
sobolevo,0,ZA,1580249741,58,-33.02,27.91,70.75,8.23
fairbanks,96,AU,1580249741,55,-33.65,115.33,66.0,4.85
flin flon,100,ID,1580249741,94,-3.8,102.27,74.3,4.45
mar del plata,0,NA,1580249741,80,-26.65,15.16,65.35,25.1
saint-philippe,20,MU,1580249741,88,-20.21,57.76,72.0,4.7
east london,100,RU,1580249741,96,70.63,147.92,-18.11,10.76
busselton,98,LK,1580249742,88,5.95,80.54,71.1,8.63
bengkulu,0,LY,1580249742,52,29.03,21.55,56.8,4.05
luderitz,61,ZA,1580249742,88,-34.53,20.04,66.2,9.71
quatre cocos,0,IS,1580249742,92,63.84,-22.43,28.4,3.36
chokurdakh,10,TH,1580249742,66,17.1,100.84,60.69,3.27
matara,90,US,1580249508,86,40.19,-92.58,28.4,8.05
jalu,100,IN,1580249742,92,32.12,76.53,44.28,8.21
bredasdorp,100,RU,1580249742,94,58.84,36.43,18.5,5.61
grindavik,75,CR,1580249742,55,10.15,-85.45,89.6,10.29
nakhon thai,97,BR,1580249742,89,-16.36,-46.91,75.16,5.12
kirksville,40,BB,1580249544,69,13.07,-59.53,82.4,12.75
palampur,71,BR,1580249504,82,-24.79,-50.01,69.96,4.85
ustyuzhna,0,IR,1580249743,52,28.22,61.22,37.27,7.9
nicoya,75,PT,1580249743,93,38.52,-28.7,62.6,6.93
unai,90,RU,1580249743,93,59.7,30.79,32.0,11.18
oistins,100,SJ,1580249570,71,78.22,15.64,5.0,2.24
castro,0,RU,1580249743,69,64.38,-173.3,-7.6,6.71
khash,97,SA,1580249743,61,31.67,38.66,46.4,6.93
ribeira grande,90,US,1580249743,56,38.89,-76.51,45.0,9.17
nikolskoye,99,RU,1580249743,95,65.85,74.49,-6.83,15.26
longyearbyen,56,RU,1580249743,84,51.16,54.99,0.86,5.57
provideniya,98,CN,1580249744,93,37.15,122.38,39.81,10.18
turayf,50,PH,1580249744,80,7.71,122.14,79.52,8.05
mayo,100,RU,1580249744,82,53.59,45.23,23.0,13.15
pangody,2,DZ,1580249744,84,36.1,0.42,49.21,2.68
sol-iletsk,91,AU,1580249744,90,-38.27,141.97,60.17,8.5
yatou,100,KE,1580249744,40,3.94,41.87,88.56,5.28
siocon,3,NG,1580249744,14,7.38,8.57,79.47,2.19
lunino,40,BB,1580249744,69,13.22,-59.52,82.4,12.75
sidi ali,93,ID,1580249550,92,1.17,108.97,76.91,7.47
codrington,0,NE,1580249744,10,13.21,12.02,65.37,7.14
mandera,75,PE,1580249744,33,-3.48,-80.25,89.6,10.29
yaan,100,RU,1580249744,95,55.64,95.45,23.09,2.51
bathsheba,20,NO,1580249745,61,70.24,22.35,24.8,44.96
pemangkat,15,BR,1580249745,53,-20.75,-51.68,87.42,4.76
maine-soroa,0,PF,1580249745,81,-9.8,-139.03,80.42,14.61
aguas verdes,0,CF,1580249745,23,5.67,15.97,71.33,5.77
irbeyskoye,0,CN,1580249745,68,32.65,110.78,35.71,4.09
oksfjord,90,US,1580249745,69,57.05,-135.33,39.2,12.75
tres lagoas,0,MR,1580249745,60,20.93,-17.03,68.0,14.99
atuona,40,CA,1580249745,74,69.45,-133.04,-22.0,8.05
baoro,86,RU,1580249745,90,69.38,178.42,-12.05,8.34
shiyan,100,GL,1580249746,96,77.48,-69.36,-10.46,3.71
sitka,90,AU,1580249746,100,-37.83,140.77,53.6,3.36
nouadhibou,78,BR,1580249479,79,-30.18,-50.21,74.8,17.29
tuktoyaktuk,100,ZA,1580249746,98,-34.42,19.23,66.0,5.01
leningradskiy,90,US,1580249468,93,37.46,-122.43,62.01,6.93
tsihombe,99,ID,1580249746,86,-9.11,124.89,77.0,1.19
qaanaaq,90,US,1580249524,86,42.1,-79.24,33.01,9.17
mount gambier,99,LR,1580249746,76,6.07,-8.13,78.26,5.41
cidreira,75,PE,1580249746,59,-7.48,-78.82,66.2,4.7
hermanus,100,KI,1580249706,82,3.07,172.79,82.83,18.75
half moon bay,40,AU,1580249746,94,-24.87,113.63,75.2,18.34
atambua,0,AE,1580249747,63,25.26,55.3,64.4,3.36
jamestown,90,PE,1580249747,30,-13.7,-76.22,75.0,12.75
zwedru,0,NG,1580249530,28,5.79,7.84,82.13,10.18
cascas,96,RU,1580249747,94,54.7,78.66,4.28,14.61
butaritari,100,RU,1580249501,95,71.97,102.5,-6.54,5.5
carnarvon,90,AU,1580249747,94,-23.53,148.17,77.0,10.29
dubai,0,AR,1580249747,18,-31.54,-68.54,96.62,9.8
pisco,58,AU,1580249747,88,-28.87,153.57,81.0,5.82
amaigbo,86,ZA,1580249747,80,-28.78,32.04,74.55,16.24
zdvinsk,65,HT,1580249747,64,18.2,-73.75,78.04,4.61
khatanga,75,JP,1580249748,93,35.13,140.3,51.01,13.87
emerald,20,HK,1580249748,50,22.29,114.16,53.6,10.29
san juan,56,TH,1580249748,49,15.66,101.11,66.97,2.37
belushya guba,100,CA,1580249748,79,43.75,-81.72,33.01,10.42
ballina,65,KR,1580249748,75,35.24,129.21,42.8,2.24
richards bay,75,PW,1580249748,94,7.04,134.26,75.2,7.61
les cayes,20,BZ,1580249748,70,16.97,-88.23,86.0,4.7
katsuura,0,TM,1580249748,47,41.19,61.4,33.73,7.34
victoria,40,AU,1580249748,56,-42.78,147.06,68.0,9.17
wichian buri,90,AU,1580249623,100,-16.92,145.77,79.0,2.24
goderich,93,ML,1580249749,14,18.9,-3.53,77.25,11.65
kijang,100,GL,1580249749,58,65.61,-37.64,30.2,9.17
kloulklubed,0,IN,1580249749,64,24.18,83.82,61.02,3.58
dangriga,90,RU,1580249749,84,64.75,177.48,3.2,2.24
gazojak,0,UY,1580249749,20,-34.48,-54.33,84.79,7.83
attawapiskat,44,ID,1580249749,98,-3.37,135.48,71.47,2.19
new norfolk,0,ES,1580249749,67,28.5,-13.86,64.4,8.05
cairns,0,UY,1580249502,53,-33.7,-53.46,76.53,9.42
nizhneyansk,75,BR,1580249749,94,-1.94,-54.74,77.0,14.99
araouane,100,BR,1580249750,26,-29.78,-55.79,91.4,8.7
tasiilaq,75,TO,1580249750,79,-21.2,-175.2,84.2,5.82
garwa,38,BR,1580249750,74,-16.35,-53.76,83.5,4.05
anadyr,99,RU,1580249750,97,73.51,80.55,-12.73,13.67
rocha,20,ID,1580249750,88,-3.7,128.18,78.8,3.36
nabire,40,CG,1580249750,83,-4.78,11.86,84.2,3.36
puerto del rosario,20,PT,1580249750,72,32.67,-17.1,60.8,4.7
illoqqortoormiut,66,PG,1580249506,76,-2.57,150.8,84.06,8.28
chuy,100,AM,1580249465,65,39.84,45.67,14.63,8.41
umzimvubu,90,AU,1580249750,100,-20.73,139.5,73.4,14.99
alenquer,32,ZW,1580249751,95,-18.53,32.13,61.16,2.98
sentyabrskiy,72,RU,1580249751,94,54.48,53.47,-2.6,4.47
alegrete,99,TL,1580249751,81,-8.93,125.41,68.74,5.17
vaini,75,AR,1580249598,87,-38.55,-58.74,75.0,4.0
guiratinga,99,PF,1580249751,75,-16.48,-151.75,82.92,11.43
dikson,90,US,1580249605,77,42.79,-86.11,33.01,9.17
ambon,20,LK,1580249751,100,6.12,81.12,71.6,3.36
pointe-noire,75,RU,1580249751,79,53.19,158.38,19.4,6.71
ponta do sol,100,IT,1580249751,71,40.57,9.69,55.4,24.16
tumannyy,0,MZ,1580249751,81,-25.05,33.64,70.18,4.34
kavieng,0,PT,1580249508,86,39.05,-27.98,63.34,17.69
jermuk,0,OM,1580249752,45,22.57,59.53,64.04,12.95
mount isa,40,CO,1580249752,74,10.25,-74.91,84.2,13.87
chagda,100,KM,1580249752,74,-11.7,43.26,83.1,8.97
rusape,1,US,1580249752,52,34.64,-120.46,75.0,12.75
oktyabrskiy,20,US,1580249752,54,20.89,-156.47,80.6,4.7
airai,75,JP,1580249752,93,35.73,140.83,59.0,11.41
necochea,0,OM,1580249752,20,17.02,54.09,66.2,6.93
faanui,90,CA,1580249752,84,62.46,-114.35,1.4,4.7
holland,100,NC,1580249752,79,-20.23,164.02,79.5,15.08
hambantota,90,AU,1580249753,77,-28.77,114.6,69.8,12.75
yelizovo,100,RU,1580249753,95,52.23,141.51,2.82,6.64
siniscola,40,GL,1580249753,59,69.22,-51.1,1.4,10.29
xai-xai,90,US,1580249753,69,19.73,-155.09,77.0,11.41
mrirt,100,SB,1580249753,81,-8.14,159.59,81.5,3.44
lagoa,96,NZ,1580249753,78,-46.13,167.68,64.99,8.01
sur,40,CH,1580249753,52,47.12,8.75,44.6,14.99
calamar,100,RU,1580249753,97,69.7,170.31,-2.33,11.48
moroni,90,US,1580249753,69,38.04,-84.9,39.0,3.36
lompoc,56,BR,1580249753,88,-20.97,-46.12,75.65,2.01
kahului,100,GW,1580249753,73,11.28,-15.83,77.58,11.68
grand river south east,1,US,1580249754,68,64.5,-165.41,-20.2,4.7
hasaki,20,ID,1580249521,100,1.45,125.18,69.8,2.24
salalah,40,GT,1580249754,59,14.51,-92.19,89.6,6.93
yellowknife,90,US,1580249754,74,42.33,-83.33,35.01,4.7
poum,40,US,1580249630,23,26.17,-98.05,86.0,13.87
geraldton,11,PH,1580249754,78,11.14,123.72,80.8,7.99
lazarev,87,IR,1580249754,55,32.38,48.41,51.03,2.01
ilulissat,90,US,1580249754,55,42.16,-72.33,37.4,9.17
hilo,0,IN,1580249754,67,25.52,90.22,58.32,2.35
buala,90,JP,1580249754,93,40.5,141.5,41.0,4.7
tuatapere,0,MX,1580249755,27,27.98,-114.06,73.35,11.32
einsiedeln,90,CA,1580249755,93,54.32,-130.32,41.0,9.17
pevek,46,PG,1580249755,80,-2.02,147.27,82.81,10.22
lawrenceburg,100,RU,1580249755,97,68.75,161.3,-23.33,8.59
carmo do rio claro,40,CA,1580249755,84,58.81,-122.7,5.0,2.3
bubaque,0,IR,1580249621,73,32.87,59.22,26.6,4.7
nome,75,US,1580249600,87,37.78,-121.98,62.6,3.36
cam pha,98,AO,1580249755,85,-15.2,12.15,74.01,12.5
bitung,75,AU,1580249755,100,-19.25,146.8,78.8,12.75
ocos,40,EC,1580249755,89,0.6,-80.03,84.2,6.93
garden city,0,IN,1580249755,49,20.12,77.72,67.68,7.54
donna,0,OM,1580249756,60,22.93,57.53,54.25,1.16
sulangan,40,BR,1580249756,48,-20.92,-49.45,87.8,2.24
dezful,100,PE,1580249756,78,-15.43,-74.62,70.81,8.19
palmer,20,ES,1580249756,82,39.57,3.21,59.0,8.05
bolsheustikinskoye,0,MX,1580249756,77,20.87,-90.4,75.33,7.31
tura,100,RU,1580249756,86,56.79,105.77,8.96,1.9
hachinohe,40,BR,1580249756,88,-22.97,-42.03,82.4,9.17
guerrero negro,0,UZ,1580249756,86,40.43,71.72,32.0,2.24
prince rupert,0,RU,1580249756,87,50.57,116.25,-1.46,1.79
lorengau,0,MR,1580249756,20,20.5,-10.07,76.21,12.77
cherskiy,100,RU,1580249757,89,61.11,44.83,2.77,7.14
fort nelson,99,RU,1580249757,83,66.53,66.6,-16.67,10.85
birjand,40,AU,1580249757,83,-34.58,150.86,75.99,13.87
san ramon,90,US,1580249470,49,36.85,-75.98,46.99,6.93
namibe,1,US,1580249757,69,46.81,-100.78,39.99,5.82
townsville,75,NO,1580249757,78,70.37,31.11,12.2,5.82
muisne,0,RU,1580249757,90,54.43,119.93,-12.59,1.88
digras,75,MY,1580249757,100,4.41,114.01,78.8,10.04
nizwa,94,KZ,1580249757,88,48.59,57.19,6.08,6.87
bady bassitt,1,US,1580249757,74,71.29,-156.79,-27.4,3.36
acari,100,JP,1580249758,82,39.47,141.95,44.13,12.97
manacor,0,AU,1580249758,77,-37.88,147.98,66.99,1.99
celestun,40,PY,1580249758,49,-25.33,-57.53,91.4,8.05
ust-kut,71,SO,1580249758,78,2.04,45.34,79.75,30.56
arraial do cabo,75,CA,1580249758,74,65.28,-126.83,-22.0,4.7
toftir,90,US,1580249758,55,41.37,-73.41,39.99,9.17
komsomolskiy,20,CL,1580249758,39,-41.87,-73.82,62.6,16.11
sherlovaya gora,100,NP,1580249758,82,29.27,82.18,25.75,2.95
adrar,1,SL,1580249758,85,7.53,-12.51,79.03,6.46
kizema,90,AU,1580249758,94,-15.77,128.73,80.6,4.72
salekhard,100,RU,1580249758,93,58.45,92.17,16.88,5.61
flinders,81,AU,1580249759,83,-14.47,132.27,77.0,6.93
virginia beach,99,RU,1580249759,68,69.3,139.9,-23.58,4.45
bismarck,98,ID,1580249759,76,-2.88,108.27,82.38,4.18
vardo,31,PE,1580249759,78,-17.64,-71.34,80.6,11.41
tupik,1,ZA,1580249759,82,-34.0,24.73,61.27,8.75
miri,0,NA,1580249759,82,-22.96,14.51,64.0,4.7
shubarshi,58,MV,1580249759,79,-0.6,73.08,81.18,12.82
barrow,0,IS,1580249759,61,63.44,-20.27,32.92,7.38
yamada,0,PK,1580249759,60,28.89,64.41,43.45,6.49
lakes entrance,90,US,1580249759,51,41.71,-70.23,37.99,5.82
san lorenzo,100,IN,1580249759,66,11.67,92.75,77.43,12.5
mogadishu,75,JP,1580249760,63,28.37,129.48,62.6,11.41
norman wells,40,BR,1580249760,79,-20.33,-40.29,84.2,11.41
bethel,79,RU,1580249760,91,62.14,117.63,0.09,5.37
tarhunah,13,BR,1580249760,74,-6.98,-34.83,82.4,11.41
ancud,98,PG,1580249760,90,-3.55,143.63,75.6,3.98
jumla,100,ID,1580249760,98,-1.6,103.62,74.98,1.61
bonthe,90,US,1580249760,93,48.51,-122.61,50.0,6.93
kununurra,6,MX,1580249760,42,17.98,-102.23,81.91,7.58
yeniseysk,5,CA,1580249761,67,63.75,-68.51,-23.01,25.28
katherine,75,TW,1580249690,71,22.64,120.36,59.0,11.41
deputatskiy,78,AU,1580249761,77,-41.45,147.17,69.01,12.75
manggar,75,CA,1580249726,92,60.72,-135.05,19.99,2.24
ilo,90,AU,1580249761,93,-33.87,121.9,66.2,10.29
kruisfontein,60,MX,1580249761,74,23.17,-97.95,87.01,3.0
walvis bay,40,US,1580249664,70,46.47,-120.67,48.2,3.15
hithadhoo,88,AR,1580249761,57,-26.62,-54.13,79.75,2.75
vestmannaeyjar,90,US,1580249758,80,39.49,-80.14,37.4,9.17
dalbandin,90,US,1580249666,74,39.64,-86.86,35.01,4.7
yarmouth,75,GL,1580249659,72,64.18,-51.72,12.2,10.29
port blair,100,TR,1580249762,99,41.5,33.67,33.8,2.86
naze,0,LY,1580249762,72,32.77,22.64,60.46,19.1
vila velha,75,PT,1580249762,93,37.8,-25.58,64.4,23.04
suntar,70,CF,1580249762,24,4.32,17.47,75.58,3.65
cabedelo,90,US,1580249762,76,40.6,-124.16,57.0,5.82
mocambique,71,GH,1580249762,57,6.69,-1.62,78.85,5.64
mullaitivu,20,MU,1580249762,88,-20.41,57.7,72.0,4.7
wewak,0,BO,1580249762,15,-20.46,-66.83,65.86,17.34
jambi,98,ID,1580249763,89,-6.88,112.21,76.06,2.48
anacortes,100,BR,1580249763,77,-2.92,-39.92,79.95,5.73
la orilla,90,US,1580249763,93,33.99,-96.37,57.99,9.17
iqaluit,90,US,1580249763,86,42.25,-75.83,33.01,13.87
chishan,66,NO,1580249763,72,71.04,27.85,17.6,16.11
launceston,0,PK,1580249763,42,28.31,70.13,56.16,4.85
whitehorse,1,IN,1580249763,62,10.57,72.64,80.71,4.16
esperance,5,MX,1580249763,79,15.85,-97.07,84.2,9.17
nuevo progreso,65,MV,1580249763,77,2.67,72.89,80.58,14.99
yakima,0,AU,1580249763,74,-34.73,135.87,67.89,6.04
san vicente,46,NZ,1580249763,46,-39.03,177.37,89.01,5.99
fairmont,0,NE,1580249586,9,13.32,12.61,65.86,8.03
greencastle,37,AU,1580249764,81,-20.74,116.85,83.98,16.13
nuuk,75,GE,1580249764,39,41.96,42.96,50.0,8.05
kastamonu,100,KZ,1580249764,82,45.32,55.2,34.3,14.34
darnah,40,CU,1580249764,45,21.11,-76.13,86.0,8.05
mys shmidta,90,US,1580249764,77,38.42,-121.42,64.0,8.05
rabo de peixe,100,RU,1580249526,94,57.7,93.28,18.95,4.25
amderma,40,BR,1580249764,51,-28.07,-52.01,82.4,2.24
boda,75,VU,1580249764,94,-13.88,167.55,78.8,5.82
fortuna,41,AU,1580249764,88,-20.32,118.57,80.6,8.05
kumasi,40,PH,1580249765,88,14.35,121.02,73.99,2.24
mahebourg,99,RU,1580249765,93,67.57,30.48,-3.35,3.56
uyuni,0,IR,1580249765,67,38.43,45.77,17.6,6.93
labuhan,48,PH,1580249765,93,8.0,124.29,75.0,5.01
itarema,8,VE,1580249765,40,10.03,-69.09,86.0,5.82
durant,75,ZA,1580249765,88,-33.92,25.57,64.4,12.75
broome,0,IN,1580249765,58,27.92,96.17,49.91,3.22
mehamn,90,CA,1580249765,93,50.98,-118.2,35.6,2.91
okandja,90,UA,1580249765,100,48.06,33.29,39.2,2.24
sadiqabad,75,BO,1580249499,44,-17.8,-63.17,93.2,13.87
kavaratti,0,ES,1580249766,93,39.89,4.27,53.6,6.93
puerto escondido,100,RU,1580249766,93,65.82,87.98,8.1,9.08
kudahuvadhoo,90,PH,1580249766,94,7.09,125.16,78.8,2.24
port lincoln,100,GL,1580249766,67,60.14,-45.24,24.08,12.86
wairoa,1,US,1580249766,47,28.02,-97.05,79.0,8.05
diffa,100,CA,1580249635,97,47.17,-55.15,30.88,14.41
saleaula,100,RU,1580249766,91,66.56,67.8,-11.52,6.53
karratha,100,CI,1580249766,13,9.51,-7.57,75.65,2.71
khani,5,MX,1580249746,62,16.86,-99.89,86.0,6.93
beyneu,75,JP,1580249767,93,34.98,139.87,51.01,13.87
gibara,0,SD,1580249767,17,13.6,26.69,60.4,12.06
laguna,61,PG,1580249767,74,-4.35,152.26,82.69,10.89
kazachinskoye,0,RE,1580249767,73,-21.37,55.62,71.6,6.93
toliary,80,ET,1580249767,36,10.45,38.2,55.2,6.58
tapejara,3,ZA,1580249767,85,-25.7,28.26,63.0,2.28
ruatoria,87,MV,1580249767,67,6.62,73.07,81.66,10.04
sola,75,CA,1580249767,84,51.26,-80.61,1.4,8.05
port hedland,90,CA,1580249768,85,55.1,-105.28,21.2,5.82
san pedro,100,PK,1580249768,81,34.62,71.97,47.88,1.9
kovdor,36,DZ,1580249768,75,36.37,6.61,42.8,3.36
marand,0,ID,1580249768,90,0.8,127.4,73.54,2.35
marawi,20,BR,1580249768,74,-9.88,-56.09,80.6,5.82
marcona,69,BR,1580249768,80,-2.97,-47.48,81.79,3.76
cabudare,90,US,1580249768,93,55.34,-131.65,39.2,5.82
port elizabeth,90,CA,1580249508,100,47.67,-52.73,30.99,4.7
tezu,90,US,1580249768,58,45.1,-87.63,28.4,1.41
revelstoke,71,NZ,1580249768,100,-35.17,173.17,75.99,3.6
lozuvatka,77,IN,1580249769,95,17.67,80.88,67.46,5.95
santa cruz,0,EG,1580249769,47,26.16,32.72,59.0,4.97
mahon,0,AU,1580249769,52,-36.32,145.05,71.01,6.89
turukhansk,0,EG,1580249769,51,27.26,33.81,60.8,16.11
chengmai,0,TM,1580249769,47,39.51,54.37,40.55,16.82
tagbac,0,AU,1580249769,52,-36.37,146.33,73.99,3.36
nanortalik,15,GL,1580249769,66,60.92,-46.05,15.8,2.93
rockport,90,TR,1580249769,100,41.4,27.36,43.0,3.6
rungata,67,SO,1580249769,74,7.98,49.82,75.34,28.19
marystown,20,MU,1580249769,88,-20.34,57.76,72.0,4.7
aksarka,40,BR,1580249770,74,-5.2,-35.46,84.2,12.75
odienne,97,BR,1580249770,51,-8.51,-39.31,87.01,8.9
acapulco,4,MN,1580249770,79,45.76,106.27,3.15,5.64
tateyama,33,ET,1580249770,47,8.3,35.58,61.9,3.22
naugarzan,90,CA,1580249770,85,49.87,-99.36,12.2,13.87
umm kaddadah,20,PT,1580249770,72,33.08,-16.33,60.8,9.17
kokopo,98,MN,1580249770,95,46.68,113.28,-3.57,3.4
cagayan de tawi-tawi,100,ML,1580249770,8,11.42,-7.48,76.96,3.94
galgani,75,AU,1580249770,94,-20.02,148.23,80.01,5.82
saint-joseph,40,AR,1580249670,33,-51.62,-69.22,57.2,34.45
bichena,50,JP,1580249770,83,43.66,145.13,17.28,2.15
waverley,75,DE,1580249771,86,52.93,12.8,39.99,23.04
kulhudhuffushi,86,AR,1580249771,30,-26.79,-60.44,95.74,3.18
moose factory,100,UA,1580249771,89,49.71,26.47,35.29,8.57
la ronge,67,AU,1580249771,39,-33.38,148.02,75.38,4.23
bat khela,0,TJ,1580249771,52,39.39,68.54,0.36,7.25
constantine,20,AO,1580249580,78,-8.84,13.23,82.4,3.36
ternate,100,RU,1580249771,93,55.85,32.27,30.76,5.08
alta floresta,68,CV,1580249771,56,14.9,-24.5,73.36,16.17
paragominas,20,ID,1580249772,100,-10.17,123.58,75.2,1.12
ketchikan,0,RU,1580249772,89,54.05,122.9,-8.95,1.41
torbay,20,MY,1580249772,94,2.74,102.25,78.8,3.36
marinette,40,GQ,1580249577,89,1.86,9.77,86.0,4.7
ahipara,0,UY,1580249726,44,-34.67,-54.92,80.6,9.17
yeletskiy,87,KZ,1580249772,97,53.88,67.42,-10.73,9.17
bhadrachalam,100,ID,1580249772,97,-2.68,111.62,74.17,0.47
qena,40,VE,1580249595,58,7.77,-72.22,86.0,8.05
kyabram,90,CA,1580249772,92,44.08,-80.2,32.0,2.24
hurghada,1,US,1580249773,59,39.6,-110.81,35.01,4.12
balkanabat,75,FR,1580249773,87,44.08,2.92,44.01,19.46
phan rang,86,PH,1580249773,79,20.45,121.97,71.55,10.74
wangaratta,40,PH,1580249773,92,17.42,121.44,66.9,4.94
narsaq,20,MU,1580249773,88,-20.52,57.52,72.0,4.7
luleburgaz,40,AR,1580249773,69,-24.79,-65.41,80.6,4.7
eyl,20,AR,1580249773,69,-26.82,-65.22,82.4,9.17
bambous virieux,42,CV,1580249773,69,15.13,-23.22,73.4,16.11
touros,90,US,1580249773,77,60.55,-151.26,10.0,11.41
cabrobo,100,AU,1580249773,85,-23.58,148.88,75.02,12.73
mandalgovi,100,ID,1580249773,99,-0.95,100.35,67.86,4.03
metu,40,AU,1580249774,83,-35.35,150.47,72.0,13.87
carberry,20,IT,1580249774,86,45.46,8.01,45.0,3.36
camacha,20,MX,1580249774,65,20.7,-105.2,79.0,11.41
baruun-urt,59,PH,1580249774,75,13.78,124.39,79.9,4.09
bougouni,53,RU,1580249774,98,52.47,96.11,-0.26,1.39
bowen,90,AO,1580249774,87,-11.55,20.78,69.24,5.61
rio gallegos,75,RO,1580249774,86,46.43,26.4,37.4,5.82
shibetsu,90,US,1580249774,59,36.62,-121.92,62.6,3.36
palabuhanratu,75,CI,1580249774,30,6.88,-6.45,83.64,2.17
neuruppin,75,SE,1580249774,100,57.78,14.16,37.99,5.82
presidencia roque saenz pena,100,RU,1580249774,95,66.0,111.5,-1.52,9.69
bazaliya,40,US,1580249775,39,37.1,-113.58,54.0,3.36
forbes,0,MX,1580249775,49,16.52,-98.75,87.71,11.21
ayni,9,NG,1580249775,10,11.52,7.31,64.89,7.09
luanda,33,CU,1580249776,63,20.35,-74.5,77.59,2.68
zharkovskiy,0,MX,1580249776,66,30.48,-115.95,64.2,13.98
bargal,75,DE,1580249776,93,53.24,8.46,39.2,13.87
sao filipe,75,US,1580249776,81,43.41,-124.22,54.0,20.8
kupang,0,NG,1580249776,88,6.58,3.75,80.6,2.24
urusha,90,US,1580249654,66,42.44,-123.33,53.6,6.42
kuala pilah,100,CO,1580249567,44,1.33,-74.84,92.64,4.07
unye,40,MX,1580249777,62,15.74,-96.47,84.2,17.22
bata,100,RU,1580249777,87,56.85,105.25,9.55,2.55
maldonado,100,RU,1580249777,86,46.49,135.88,9.12,1.72
sergeyevka,80,CL,1580249777,52,-36.72,-73.12,69.8,20.8
dzhusaly,40,JP,1580249777,100,32.9,130.68,46.4,1.12
pangkalanbuun,75,RU,1580249777,79,53.05,158.65,19.4,6.71
san cristobal,100,BR,1580249777,91,-14.74,-50.57,77.02,8.12
shelburne,10,RU,1580249526,74,67.63,134.63,-32.33,3.87
price,0,IN,1580249777,61,21.12,70.12,69.57,16.22
millau,65,CN,1580249777,86,30.63,117.85,32.38,2.62
basco,0,AU,1580249778,28,-31.95,141.43,77.0,11.41
tabuk,58,KZ,1580249778,83,49.14,56.49,4.66,9.1
souillac,65,BS,1580249778,72,26.54,-77.06,72.36,13.42
salta,86,RU,1580249778,94,57.46,48.54,-4.2,8.34
tucuman,100,RU,1580249778,97,65.97,78.37,-3.51,10.71
vila do maio,8,ID,1580249778,94,-4.94,122.53,76.62,2.55
kenai,100,BR,1580249778,85,-17.71,-39.25,80.49,12.77
blackwater,55,IL,1580249778,87,31.61,34.76,54.0,3.36
padang,100,PG,1580249778,82,-2.67,141.3,81.73,10.18
ulladulla,90,US,1580249706,86,40.8,-96.67,32.0,4.7
bose,61,PH,1580249778,86,11.0,122.67,72.37,5.01
ixtapa,75,CA,1580249779,72,50.1,-91.92,14.0,3.36
gigmoto,20,IN,1580249779,83,15.52,73.76,75.2,6.93
toora-khem,100,SB,1580249779,80,-10.45,161.92,80.91,1.88
lumeje,0,TC,1580249700,74,21.46,-71.14,77.59,11.34
asau,7,MX,1580249779,66,20.92,-98.58,77.59,4.43
pacific grove,100,ID,1580249779,98,-2.08,101.38,64.24,2.93
daloa,0,MX,1580249779,15,21.87,-101.58,64.06,6.91
jonkoping,99,RU,1580249779,95,65.85,44.24,3.43,7.72
aykhal,100,RU,1580249779,96,58.9,34.53,19.6,5.32
saint george,75,RU,1580249779,85,69.49,88.4,10.4,20.13
warqla,40,NU,1580249706,83,-19.06,-169.92,84.2,8.05
tecoanapa,33,AU,1580249780,71,-41.07,145.92,66.0,7.0
funtua,0,TD,1580249780,11,11.78,17.17,70.97,8.81
gorkovskoye,75,FR,1580249780,93,48.67,5.92,41.0,13.87
baracoa,61,GB,1580249780,75,50.47,-4.72,45.0,23.04
san quintin,20,US,1580249780,31,33.85,-118.05,75.99,5.82
elsfleth,99,RU,1580249780,87,71.69,128.87,-22.14,3.85
north bend,100,RU,1580249780,93,58.0,102.66,10.29,3.06
lagos,100,BR,1580249780,77,-2.89,-40.12,79.95,5.73
grants pass,100,RU,1580249526,90,67.45,153.68,-23.98,8.43
cartagena del chaira,65,NZ,1580249781,68,-46.28,169.85,66.99,11.12
pochutla,75,NO,1580249781,75,70.07,29.75,12.2,9.17
yantal,0,CA,1580249781,85,51.23,-58.65,16.93,9.82
vostok,44,FO,1580249781,65,62.23,-6.59,32.0,2.24
talcahuano,87,SA,1580249781,32,25.02,37.27,61.74,1.57
ueki,41,PF,1580249781,71,-16.78,-151.5,83.62,7.81
petropavlovsk-kamchatskiy,100,VU,1580249781,69,-19.55,169.27,80.6,5.82
mozarlandia,100,BR,1580249781,62,-29.68,-53.81,84.2,9.17
batagay,0,EG,1580249781,47,25.29,32.55,59.0,7.85
mangrol,20,ES,1580249782,82,39.85,3.12,59.0,8.05
rongcheng,75,VN,1580249782,100,16.47,107.6,64.4,8.05
broken hill,75,CO,1580249782,57,3.25,-76.23,80.6,6.93
shubarkuduk,100,NO,1580249782,52,62.79,6.92,35.6,17.22
marsh harbour,16,NA,1580249782,90,-22.12,14.28,64.0,1.99
pizhanka,0,IN,1580249782,88,28.88,75.92,50.97,2.62
urengoy,90,US,1580249609,86,43.21,-75.46,30.0,11.41
katobu,0,PG,1580249782,79,-3.67,152.43,83.1,14.74
tabarqah,58,GL,1580249782,50,61.99,-49.67,14.67,12.57
caravelas,40,BO,1580249783,40,-17.78,-57.77,95.58,5.7
gat,100,FI,1580249783,91,63.92,25.0,19.99,3.0
vanimo,81,GN,1580249783,52,10.92,-13.33,70.7,2.89
lincoln,100,AU,1580249783,93,-20.1,146.27,74.21,10.42
dingle,0,BR,1580249783,73,-23.76,-45.41,79.59,3.33
sioux lookout,93,RU,1580249783,89,66.32,-179.17,-11.6,0.58
candolim,17,SO,1580249783,73,9.49,50.81,74.8,24.65
kirakira,0,UZ,1580249783,100,40.56,65.69,26.6,4.7
cockburn town,40,US,1580249783,65,36.21,-86.29,46.99,2.46
calnali,52,GM,1580249783,15,13.35,-15.75,83.39,2.71
sungaipenuh,100,FR,1580249784,81,44.83,0.5,46.99,6.93
ojuelos de jalisco,100,CD,1580249784,84,-8.74,24.99,66.74,1.25
mezen,0,ML,1580249784,13,20.2,1.01,73.81,8.84
khvoynaya,90,US,1580249709,56,39.1,-76.85,45.0,11.41
talnakh,0,GB,1580249784,86,51.38,1.39,39.0,11.41
alofi,0,RU,1580249784,90,61.36,63.58,-15.77,4.99
yomitan,100,NE,1580249784,7,18.69,12.92,67.73,6.46
burnie,100,NC,1580249784,72,-22.67,167.48,76.6,13.91
ngama,1,US,1580249784,45,34.27,-86.21,60.8,4.7
grand centre,33,ML,1580249784,7,16.41,-3.67,79.36,10.02
toul,0,CD,1580249784,43,1.24,23.62,75.27,0.83
ozgon,4,IN,1580249784,77,27.43,83.42,58.57,2.44
bodmin,25,IT,1580249785,100,45.05,9.7,43.0,5.82
la palma,75,BO,1580249785,36,-17.35,-65.87,77.0,8.05
tiksi,90,US,1580249587,74,39.18,-84.53,36.0,5.82
ust-ilimsk,75,JP,1580249785,100,37.12,140.24,57.0,26.4
acarau,100,NZ,1580249526,88,-40.76,175.15,68.0,19.46
srednekolymsk,0,RU,1580249785,97,60.42,134.53,-36.24,1.12
kaitangata,75,PT,1580249785,93,40.16,-8.33,60.01,4.7
vadso,95,PE,1580249785,63,-9.09,-78.58,77.76,9.4
saryshagan,100,PG,1580249785,95,-6.02,144.97,56.8,2.06
saint-augustin,20,CA,1580249785,68,66.15,-65.71,-20.2,4.7
klaksvik,5,CA,1580249786,71,48.53,-71.08,14.0,3.36
umm lajj,100,PG,1580249786,95,-9.08,143.21,76.42,4.5
tevaitoa,1,US,1580249786,38,33.19,-82.53,62.6,3.36
isangel,28,CL,1580249786,67,-35.33,-72.42,66.15,19.06
santa maria,100,RU,1580249786,61,55.78,109.55,6.94,0.49
esna,49,TG,1580249786,33,6.9,0.63,77.56,3.53
alcudia,21,CG,1580249786,40,-1.88,15.86,81.95,2.59
skagastrond,75,JP,1580249786,93,24.8,125.28,59.0,9.17
viligili,0,CN,1580249787,59,34.74,111.88,35.65,8.1
hue,84,NA,1580249787,19,-22.56,17.08,75.6,10.22
miranda,100,SE,1580249787,93,57.64,18.3,39.0,10.29
aukra,9,AU,1580249787,65,-29.47,149.85,82.0,10.29
henties bay,90,ES,1580249787,100,42.78,-9.06,55.99,6.93
tosham,20,ES,1580249505,72,28.66,-17.92,62.6,8.05
roma,90,CA,1580249787,80,43.13,-80.75,34.0,12.75
namatanai,0,RU,1580249787,81,65.58,-171.0,-12.59,8.59
paamiut,37,RU,1580249787,99,51.71,143.23,-2.47,0.18
puerto quijarro,90,FI,1580249765,100,60.47,26.92,33.8,11.41
nivala,89,CA,1580249788,85,54.72,-113.29,26.37,3.06
telimele,20,NO,1580249788,61,71.0,24.66,17.6,44.96
banmo,38,BR,1580249788,77,-12.83,-39.1,79.14,5.01
charters towers,100,ID,1580249788,99,1.74,98.78,71.46,2.21
sao sebastiao,97,RU,1580249788,95,65.7,82.47,-1.48,14.0
egvekinot,100,TR,1580249788,97,37.51,34.05,35.22,2.68
bandarbeyla,95,CA,1580249788,96,50.63,-96.99,14.0,3.94
nurota,75,HR,1580249788,71,45.29,14.65,55.0,6.93
lebanon,75,AU,1580249788,94,-23.13,150.73,78.8,5.82
nioro,97,RU,1580249788,93,53.57,52.8,1.94,4.97
bergerac,0,ZA,1580249789,82,-23.89,30.29,64.99,8.05
kamina,100,RU,1580249789,93,64.96,34.58,12.43,8.95
tessalit,0,CN,1580249789,77,29.72,112.42,38.52,1.95
laurel,100,SS,1580249789,62,4.77,33.59,77.47,9.55
margate,40,SV,1580249676,61,13.83,-88.92,86.0,12.75
sovetskiy,100,RU,1580249789,88,47.41,42.76,35.92,10.63
bilma,76,KE,1580249789,81,-2.27,40.9,81.39,14.56
vao,0,LY,1580249789,54,31.45,12.98,52.95,5.86
albertville,90,FR,1580249789,86,45.59,5.88,44.6,11.41
goundam,90,RU,1580249789,95,50.84,37.29,32.0,6.71
basoko,100,RU,1580249790,88,66.42,112.4,2.82,11.56
nautanwa,100,CA,1580249790,92,45.62,-62.0,30.0,1.99
piacenza,96,AU,1580249790,93,-32.55,115.7,66.99,6.93
colomi,43,CL,1580249790,32,-32.83,-70.6,86.0,24.16
hamilton,20,AR,1580249500,31,-27.8,-64.26,93.85,14.29
shirakawa,20,IN,1580249790,94,8.13,77.3,77.0,3.36
otaki,75,TZ,1580249790,93,-7.77,35.7,64.4,2.01
ust-maya,0,CN,1580249790,24,38.5,102.17,19.18,3.47
lata,90,CN,1580249790,87,26.06,119.31,48.2,2.24
chimbote,21,RU,1580249790,99,58.91,53.27,-17.72,3.13
kundiawa,90,AL,1580249790,76,41.51,19.79,55.4,9.17
pangnirtung,75,IS,1580249791,85,65.68,-18.09,19.4,6.93
